-- MySQL dump 10.13  Distrib 8.0.40, for Win64 (x86_64)
--
-- Host: 127.0.0.1    Database: todo_lists
-- ------------------------------------------------------
-- Server version	8.0.40

/*!40101 SET @OLD_CHARACTER_SET_CLIENT=@@CHARACTER_SET_CLIENT */;
/*!40101 SET @OLD_CHARACTER_SET_RESULTS=@@CHARACTER_SET_RESULTS */;
/*!40101 SET @OLD_COLLATION_CONNECTION=@@COLLATION_CONNECTION */;
/*!50503 SET NAMES utf8 */;
/*!40103 SET @OLD_TIME_ZONE=@@TIME_ZONE */;
/*!40103 SET TIME_ZONE='+00:00' */;
/*!40014 SET @OLD_UNIQUE_CHECKS=@@UNIQUE_CHECKS, UNIQUE_CHECKS=0 */;
/*!40014 SET @OLD_FOREIGN_KEY_CHECKS=@@FOREIGN_KEY_CHECKS, FOREIGN_KEY_CHECKS=0 */;
/*!40101 SET @OLD_SQL_MODE=@@SQL_MODE, SQL_MODE='NO_AUTO_VALUE_ON_ZERO' */;
/*!40111 SET @OLD_SQL_NOTES=@@SQL_NOTES, SQL_NOTES=0 */;

--
-- Table structure for table `items`
--

DROP TABLE IF EXISTS `items`;
/*!40101 SET @saved_cs_client     = @@character_set_client */;
/*!50503 SET character_set_client = utf8mb4 */;
CREATE TABLE `items` (
  `item_id` int NOT NULL AUTO_INCREMENT,
  `label` varchar(45) NOT NULL DEFAULT 'to do list item',
  `is_checked` tinyint NOT NULL DEFAULT '0',
  PRIMARY KEY (`item_id`)
) ENGINE=InnoDB AUTO_INCREMENT=11 DEFAULT CHARSET=utf8mb4 COLLATE=utf8mb4_0900_ai_ci;
/*!40101 SET character_set_client = @saved_cs_client */;

--
-- Dumping data for table `items`
--

LOCK TABLES `items` WRITE;
/*!40000 ALTER TABLE `items` DISABLE KEYS */;
INSERT INTO `items` VALUES (1,'Milk',0),(2,'Cookies',0),(3,'Squats',0),(4,'Push ups',0),(5,'Sit ups',0),(6,'Honey',0),(7,'Ginger',0),(8,'Open laptop',0),(9,'Answer mails',0),(10,'Prepare meeting',0);
/*!40000 ALTER TABLE `items` ENABLE KEYS */;
UNLOCK TABLES;

--
-- Table structure for table `list_items`
--

DROP TABLE IF EXISTS `list_items`;
/*!40101 SET @saved_cs_client     = @@character_set_client */;
/*!50503 SET character_set_client = utf8mb4 */;
CREATE TABLE `list_items` (
  `list_id` int NOT NULL,
  `item_id` int NOT NULL,
  PRIMARY KEY (`list_id`,`item_id`),
  KEY `fk_list_items_item_id_idx` (`item_id`),
  CONSTRAINT `fk_list_items_item_id` FOREIGN KEY (`item_id`) REFERENCES `items` (`item_id`),
  CONSTRAINT `fk_list_items_list_id` FOREIGN KEY (`list_id`) REFERENCES `lists` (`list_id`)
) ENGINE=InnoDB DEFAULT CHARSET=utf8mb4 COLLATE=utf8mb4_0900_ai_ci;
/*!40101 SET character_set_client = @saved_cs_client */;

--
-- Dumping data for table `list_items`
--

LOCK TABLES `list_items` WRITE;
/*!40000 ALTER TABLE `list_items` DISABLE KEYS */;
INSERT INTO `list_items` VALUES (1,1),(1,2),(2,3),(2,4),(2,5),(3,6),(3,7),(4,8),(4,9),(4,10);
/*!40000 ALTER TABLE `list_items` ENABLE KEYS */;
UNLOCK TABLES;

--
-- Table structure for table `list_names`
--

DROP TABLE IF EXISTS `list_names`;
/*!40101 SET @saved_cs_client     = @@character_set_client */;
/*!50503 SET character_set_client = utf8mb4 */;
CREATE TABLE `list_names` (
  `list_id` int NOT NULL AUTO_INCREMENT,
  `label` varchar(45) NOT NULL DEFAULT 'to do list name',
  PRIMARY KEY (`list_id`),
  CONSTRAINT `fk_list_names_list_id` FOREIGN KEY (`list_id`) REFERENCES `lists` (`list_id`) ON DELETE RESTRICT ON UPDATE RESTRICT
) ENGINE=InnoDB AUTO_INCREMENT=5 DEFAULT CHARSET=utf8mb4 COLLATE=utf8mb4_0900_ai_ci;
/*!40101 SET character_set_client = @saved_cs_client */;

--
-- Dumping data for table `list_names`
--

LOCK TABLES `list_names` WRITE;
/*!40000 ALTER TABLE `list_names` DISABLE KEYS */;
INSERT INTO `list_names` VALUES (1,'Groceries'),(2,'Sport'),(3,'Groceries'),(4,'Work');
/*!40000 ALTER TABLE `list_names` ENABLE KEYS */;
UNLOCK TABLES;

--
-- Table structure for table `lists`
--

DROP TABLE IF EXISTS `lists`;
/*!40101 SET @saved_cs_client     = @@character_set_client */;
/*!50503 SET character_set_client = utf8mb4 */;
CREATE TABLE `lists` (
  `list_id` int NOT NULL AUTO_INCREMENT,
  `user_id` int NOT NULL,
  PRIMARY KEY (`list_id`),
  KEY `fk_lists_user_id_idx` (`user_id`),
  CONSTRAINT `fk_lists_user_id` FOREIGN KEY (`user_id`) REFERENCES `users` (`user_id`)
) ENGINE=InnoDB AUTO_INCREMENT=5 DEFAULT CHARSET=utf8mb4 COLLATE=utf8mb4_0900_ai_ci;
/*!40101 SET character_set_client = @saved_cs_client */;

--
-- Dumping data for table `lists`
--

LOCK TABLES `lists` WRITE;
/*!40000 ALTER TABLE `lists` DISABLE KEYS */;
INSERT INTO `lists` VALUES (1,1),(2,1),(3,2),(4,2);
/*!40000 ALTER TABLE `lists` ENABLE KEYS */;
UNLOCK TABLES;

--
-- Table structure for table `users`
--

DROP TABLE IF EXISTS `users`;
/*!40101 SET @saved_cs_client     = @@character_set_client */;
/*!50503 SET character_set_client = utf8mb4 */;
CREATE TABLE `users` (
  `user_id` int NOT NULL AUTO_INCREMENT,
  `user_name` varchar(45) NOT NULL DEFAULT 'user name',
  PRIMARY KEY (`user_id`),
  UNIQUE KEY `user_name_UNIQUE` (`user_name`)
) ENGINE=InnoDB AUTO_INCREMENT=3 DEFAULT CHARSET=utf8mb4 COLLATE=utf8mb4_0900_ai_ci;
/*!40101 SET character_set_client = @saved_cs_client */;

--
-- Dumping data for table `users`
--

LOCK TABLES `users` WRITE;
/*!40000 ALTER TABLE `users` DISABLE KEYS */;
INSERT INTO `users` VALUES (1,'Bob'),(2,'John');
/*!40000 ALTER TABLE `users` ENABLE KEYS */;
UNLOCK TABLES;
/*!40103 SET TIME_ZONE=@OLD_TIME_ZONE */;

/*!40101 SET SQL_MODE=@OLD_SQL_MODE */;
/*!40014 SET FOREIGN_KEY_CHECKS=@OLD_FOREIGN_KEY_CHECKS */;
/*!40014 SET UNIQUE_CHECKS=@OLD_UNIQUE_CHECKS */;
/*!40101 SET CHARACTER_SET_CLIENT=@OLD_CHARACTER_SET_CLIENT */;
/*!40101 SET CHARACTER_SET_RESULTS=@OLD_CHARACTER_SET_RESULTS */;
/*!40101 SET COLLATION_CONNECTION=@OLD_COLLATION_CONNECTION */;
/*!40111 SET SQL_NOTES=@OLD_SQL_NOTES */;

-- Dump completed on 2024-10-22 13:25:06
